Metric Name;Metric Value
T15Year;2031
T15CO2;443.01598
T15ForestSize;39986227.14901
T20Year;2049
T20CO2;483.01092
T20ForestSize;39499289.86511
ForestSize2050;39464500.60471
CO2Concentration2050;485.41172
Temperature2050;2.02867
ForestSize2100;38777301.27114
CO2Concentration2100;454.78570
Temperature2100;1.65369
