Metric Name;Metric Value
T15Year;2031
T15CO2;443.01627
T15ForestSize;40113598.23279
T20Year;2049
T20CO2;483.01046
T20ForestSize;39893010.59610
ForestSize2050;39897392.12980
CO2Concentration2050;485.47756
Temperature2050;2.02946
ForestSize2100;41118537.94274
CO2Concentration2100;456.17971
Temperature2100;1.67132
