Metric Name;Metric Value
T15Year;2031
T15CO2;443.01485
T15ForestSize;43461723.65010
T20Year;2047
T20CO2;482.99904
T20ForestSize;49825014.20327
ForestSize2050;51601123.03240
CO2Concentration2050;490.97915
Temperature2050;2.09480
ForestSize2100;90473373.57676
CO2Concentration2100;544.41521
Temperature2100;2.69186
