Metric Name;Metric Value
T15Year;2031
T15CO2;443.01668
T15ForestSize;41180184.02066
T20Year;2050
T20CO2;483.01438
T20ForestSize;43472148.00412
ForestSize2050;43612572.89245
CO2Concentration2050;484.44132
Temperature2050;2.01707
ForestSize2100;54944214.43655
CO2Concentration2100;441.45729
Temperature2100;1.48255
