Metric Name;Metric Value
T15Year;2031
T15CO2;443.01523
T15ForestSize;40122027.76950
T20Year;2049
T20CO2;483.01063
T20ForestSize;39880606.80069
ForestSize2050;39863014.46161
CO2Concentration2050;485.46729
Temperature2050;2.02934
ForestSize2100;39515929.87331
CO2Concentration2100;453.17488
Temperature2100;1.63327
