Metric Name;Metric Value
T15Year;2031
T15CO2;443.01620
T15ForestSize;42512661.70747
T20Year;2050
T20CO2;483.01494
T20ForestSize;47687546.06088
ForestSize2050;47975953.15996
CO2Concentration2050;484.39719
Temperature2050;2.01654
ForestSize2100;73006561.33912
CO2Concentration2100;450.73344
Temperature2100;1.60219
