Metric Name;Metric Value
T15Year;2031
T15CO2;443.01752
T15ForestSize;42313465.02160
T20Year;2050
T20CO2;483.01578
T20ForestSize;47079803.11401
ForestSize2050;47193183.59364
CO2Concentration2050;483.60260
Temperature2050;2.00702
ForestSize2100;69280925.94628
CO2Concentration2100;442.82037
Temperature2100;1.50015
