Metric Name;Metric Value
T15Year;2031
T15CO2;443.01625
T15ForestSize;43337879.08686
T20Year;2047
T20CO2;483.00045
T20ForestSize;49540722.58562
ForestSize2050;51116644.69533
CO2Concentration2050;490.16656
Temperature2050;2.08519
ForestSize2100;87471543.32405
CO2Concentration2100;510.43381
Temperature2100;2.31987
