Metric Name;Metric Value
T15Year;2031
T15CO2;443.01621
T15ForestSize;41666635.90099
T20Year;2049
T20CO2;483.01109
T20ForestSize;44875575.26407
ForestSize2050;45170044.32463
CO2Concentration2050;485.28000
Temperature2050;2.02709
ForestSize2100;62267720.62988
CO2Concentration2100;459.45573
Temperature2100;1.71258
