Metric Name;Metric Value
T15Year;2031
T15CO2;443.01771
T15ForestSize;40024983.01421
T20Year;2049
T20CO2;483.01113
T20ForestSize;39600177.33317
ForestSize2050;39571321.44245
CO2Concentration2050;485.34497
Temperature2050;2.02787
ForestSize2100;39418475.33632
CO2Concentration2100;454.23238
Temperature2100;1.64668
