Metric Name;Metric Value
T15Year;2031
T15CO2;443.01627
T15ForestSize;40113598.23279
T20Year;2049
T20CO2;483.01141
T20ForestSize;39993671.57737
ForestSize2050;40002217.65819
CO2Concentration2050;485.47586
Temperature2050;2.02944
ForestSize2100;41412670.91367
CO2Concentration2100;455.76804
Temperature2100;1.66612
