Metric Name;Metric Value
T15Year;2031
T15CO2;443.01693
T15ForestSize;42465176.62648
T20Year;2050
T20CO2;483.01436
T20ForestSize;47564489.03197
ForestSize2050;47819555.62486
CO2Concentration2050;484.22940
Temperature2050;2.01454
ForestSize2100;72129056.88015
CO2Concentration2100;440.03313
Temperature2100;1.46396
