Metric Name;Metric Value
T15Year;2031
T15CO2;443.01523
T15ForestSize;40122027.76950
T20Year;2049
T20CO2;483.01127
T20ForestSize;39922973.18545
ForestSize2050;39910676.86636
CO2Concentration2050;485.56196
Temperature2050;2.03047
ForestSize2100;39754475.95981
CO2Concentration2100;453.12085
Temperature2100;1.63260
