Metric Name;Metric Value
T15Year;2031
T15CO2;443.01680
T15ForestSize;42496698.08344
T20Year;2050
T20CO2;483.01570
T20ForestSize;47698074.86827
ForestSize2050;47823522.33909
CO2Concentration2050;483.61036
Temperature2050;2.00711
ForestSize2100;71923779.94370
CO2Concentration2100;440.05241
Temperature2100;1.46412
